{
    "accuracy_sexe": 0.7202080237741456,
    "precision_sexe": 0.7540575632979875,
    "recall_sexe": 0.6736587723537941,
    "f1_sexe": 0.7115944248736407,
    "auc_sexe": 0.7213900768828392
}