{
    "loss": [
        1.025406002998352,
        0.7981594800949097,
        0.6395817995071411,
        0.5457204580307007,
        0.49004483222961426,
        0.4575713574886322,
        0.44479885697364807
    ],
    "Sexe_output_loss": [
        0.6703076362609863,
        0.4500148892402649,
        0.27915480732917786,
        0.17343418300151825,
        0.10007710754871368,
        0.06442435830831528,
        0.04461055248975754
    ],
    "Date_output_loss": [
        3550.989990234375,
        3481.440185546875,
        3604.26611328125,
        3722.858642578125,
        3899.6796875,
        3931.47314453125,
        4001.882568359375
    ],
    "Sexe_output_accuracy": [
        0.5693270564079285,
        0.790454626083374,
        0.8834453821182251,
        0.9324369430541992,
        0.9615921974182129,
        0.9757704734802246,
        0.9826931953430176
    ],
    "Date_output_custom_metric": [
        0.2130635380744934,
        0.21280618011951447,
        0.21833954751491547,
        0.21360933780670166,
        0.21293485164642334,
        0.21347621083259583,
        0.2113507241010666
    ],
    "val_loss": [
        0.9599650502204895,
        0.9250719547271729,
        0.9995635747909546,
        1.4628534317016602,
        1.4176288843154907,
        1.443721890449524,
        1.4306750297546387
    ],
    "val_Sexe_output_loss": [
        0.6159515380859375,
        0.5672945976257324,
        0.6301028728485107,
        1.0614184141159058,
        1.017789602279663,
        1.0413631200790405,
        1.0364227294921875
    ],
    "val_Date_output_loss": [
        3440.129638671875,
        3577.773681640625,
        3694.605224609375,
        4014.3466796875,
        3998.392333984375,
        4023.59130859375,
        3942.521484375
    ],
    "val_Sexe_output_accuracy": [
        0.6617540121078491,
        0.728347897529602,
        0.7116084694862366,
        0.6741266250610352,
        0.6835880875587463,
        0.7372634410858154,
        0.7307132482528687
    ],
    "val_Date_output_custom_metric": [
        0.18949854373931885,
        0.18422965705394745,
        0.18077760934829712,
        0.174600288271904,
        0.17641715705394745,
        0.1796875,
        0.17877906560897827
    ]
}