{
    "loss": 0.9532456994056702,
    "Sexe_output_loss": 0.5697382092475891,
    "Date_output_loss": 3835.0771484375,
    "Sexe_output_accuracy": 0.7202080488204956,
    "Date_output_custom_metric": 0.20339737832546234
}