{
    "accuracy_sexe": 0.6682516097077761,
    "precision_sexe": 0.7934030571198712,
    "recall_sexe": 0.47665538907684873,
    "f1_sexe": 0.5955314009661836,
    "auc_sexe": 0.6731169276516799
}