{
    "loss": 0.6308549046516418,
    "accuracy": 0.668251633644104
}