{
    "loss": [
        0.585351824760437,
        0.3856150805950165,
        0.24728116393089294,
        0.1484229862689972,
        0.0896114781498909,
        0.059859611093997955
    ],
    "accuracy": [
        0.6788923740386963,
        0.8290621042251587,
        0.8989549279212952,
        0.9386940002441406,
        0.965785801410675,
        0.979165256023407
    ],
    "val_loss": [
        0.6133591532707214,
        0.6196327805519104,
        0.695969820022583,
        1.336875319480896,
        1.126539707183838,
        1.2911444902420044
    ],
    "val_accuracy": [
        0.6855894923210144,
        0.711244523525238,
        0.7036026120185852,
        0.6515647768974304,
        0.7043304443359375,
        0.6854075789451599
    ]
}