{
    "loss": [
        1.0542978048324585,
        0.9740613698959351,
        0.9299554228782654,
        0.8875043392181396,
        0.8878414034843445,
        0.8754822015762329
    ],
    "Sexe_output_loss": [
        0.609625518321991,
        0.39515233039855957,
        0.2549358010292053,
        0.15265268087387085,
        0.09335403144359589,
        0.05855705589056015
    ],
    "Date_output_loss": [
        4446.732421875,
        5789.10205078125,
        6750.1875,
        7348.52392578125,
        7944.87451171875,
        8169.240234375
    ],
    "Sexe_output_accuracy": [
        0.6638487577438354,
        0.8224056363105774,
        0.8978899121284485,
        0.9408906102180481,
        0.9646542072296143,
        0.9786327481269836
    ],
    "Date_output_custom_metric": [
        0.20315495133399963,
        0.2071574330329895,
        0.2158723771572113,
        0.21773162484169006,
        0.2155972570180893,
        0.21879659593105316
    ],
    "val_loss": [
        1.1480923891067505,
        1.1895185708999634,
        1.364707589149475,
        2.0241715908050537,
        1.9411107301712036,
        2.235262632369995
    ],
    "val_Sexe_output_loss": [
        0.5785707831382751,
        0.5790503025054932,
        0.670628547668457,
        1.1997621059417725,
        1.1221795082092285,
        1.3756725788116455
    ],
    "val_Date_output_loss": [
        5695.21484375,
        6104.677734375,
        6940.7880859375,
        8244.09375,
        8189.310546875,
        8595.8984375
    ],
    "val_Sexe_output_accuracy": [
        0.6903202533721924,
        0.7292576432228088,
        0.7127001285552979,
        0.6422852873802185,
        0.7139738202095032,
        0.6914119124412537
    ],
    "val_Date_output_custom_metric": [
        0.18277616798877716,
        0.19603924453258514,
        0.1978560984134674,
        0.2071220874786377,
        0.22056685388088226,
        0.21784156560897827
    ]
}