{
    "accuracy_sexe": 0.6782565626547796,
    "precision_sexe": 0.7842268498006203,
    "recall_sexe": 0.513291445142581,
    "f1_sexe": 0.6204720729142323,
    "auc_sexe": 0.6824456209968872
}